--  password is $2a$10$l.Tam1Jg88XAyrN4WS5PeOTBEKSzWnYaj51AeNjUmXw8a9rr5tZUW
INSERT INTO roles (id, created_at, is_deleted, updated_at, role_name) VALUES ('a22fcad6-a812-4d9d-b436-fbf5cc366b66', '2022-05-10 15:45:29.000000', false, '2022-05-10 15:45:37.000000', 'ROLE_ADMIN');
INSERT INTO roles (id, created_at, is_deleted, updated_at, role_name) VALUES ('0dae5989-1119-440c-bc0e-301d05401438', '2022-05-10 15:47:31.000000', false, '2022-05-10 15:47:27.000000', 'ROLE_TENANT');
INSERT INTO roles (id, created_at, is_deleted, updated_at, role_name) VALUES ('9dcfb3c6-9878-445c-984a-a94e75727efb', '2022-05-10 15:47:32.000000', false, '2022-05-10 15:47:29.000000', 'ROLE_LANDLORD');

INSERT INTO users (id, created_at, is_deleted, updated_at, active, email, first_name, last_name, password, role_id, gender) VALUES ('dcb07cb3-5770-44ec-8e46-ae63e1719a2f', '2022-05-10 15:55:35.000000', false, '2022-05-10 15:55:40.000000', true, 'prajapati.puru@gmail.com', 'puru', 'prajapati', '$2a$10$l.Tam1Jg88XAyrN4WS5PeOTBEKSzWnYaj51AeNjUmXw8a9rr5tZUW', 'a22fcad6-a812-4d9d-b436-fbf5cc366b66', 'MALE');
INSERT INTO users (id, created_at, is_deleted, updated_at, active, email, first_name, last_name, password, role_id, gender) VALUES ('1411c449-db49-40e8-bf3d-d4ac14d231a3', '2022-05-10 15:57:20.000000', false, '2022-05-10 15:57:42.000000', true, 'kkant@miu.edu', 'sai', 'kant', '$2a$10$l.Tam1Jg88XAyrN4WS5PeOTBEKSzWnYaj51AeNjUmXw8a9rr5tZUW', '0dae5989-1119-440c-bc0e-301d05401438', 'MALE');
INSERT INTO users (id, created_at, is_deleted, updated_at, active, email, first_name, last_name, password, role_id, gender) VALUES ('3c8c17ff-ea23-45f2-8f66-e411c972ee4c', '2022-05-10 15:57:28.000000', false, '2022-05-10 15:57:46.000000', true, 'mthuong@miu.edu', 'manh', 'thuong', '$2a$10$l.Tam1Jg88XAyrN4WS5PeOTBEKSzWnYaj51AeNjUmXw8a9rr5tZUW', '0dae5989-1119-440c-bc0e-301d05401438', 'MALE');
INSERT INTO users (id, created_at, is_deleted, updated_at, active, email, first_name, last_name, password, role_id, gender) VALUES ('655cb8f5-80c9-43af-830c-f8b309d9e508', '2022-05-10 15:57:29.000000', false, '2022-05-10 15:57:44.000000', true, 'pprajapati@miu.edu', 'John', 'Lennon', '$2a$10$l.Tam1Jg88XAyrN4WS5PeOTBEKSzWnYaj51AeNjUmXw8a9rr5tZUW', '9dcfb3c6-9878-445c-984a-a94e75727efb', 'MALE');
INSERT INTO users (id, created_at, is_deleted, updated_at, active, email, first_name, last_name, password, role_id, gender) VALUES ('c01d88e8-d4bb-11ec-9d64-0242ac120002', '2022-05-11 15:57:20.000000', false, '2022-05-10 15:57:42.000000', true, 'a@miu.edu', 'a', 'kant', '$2a$10$l.Tam1Jg88XAyrN4WS5PeOTBEKSzWnYaj51AeNjUmXw8a9rr5tZUW', '0dae5989-1119-440c-bc0e-301d05401438', 'MALE');
INSERT INTO users (id, created_at, is_deleted, updated_at, active, email, first_name, last_name, password, role_id, gender) VALUES ('cbd02e7d-d71f-49cb-8180-8b12bacf2c51', '2022-05-12 15:57:20.000000', false, '2022-05-10 15:57:42.000000', true, 'b@miu.edu', 'b', 'kant', '$2a$10$l.Tam1Jg88XAyrN4WS5PeOTBEKSzWnYaj51AeNjUmXw8a9rr5tZUW', '0dae5989-1119-440c-bc0e-301d05401438', 'MALE');
INSERT INTO users (id, created_at, is_deleted, updated_at, active, email, first_name, last_name, password, role_id, gender) VALUES ('e48f8bc9-a6b1-4a44-af2f-ab5a4ed18865', '2022-05-12 15:57:20.000000', false, '2022-05-10 15:57:42.000000', true, 'c@miu.edu', 'c', 'kant', '$2a$10$l.Tam1Jg88XAyrN4WS5PeOTBEKSzWnYaj51AeNjUmXw8a9rr5tZUW', '0dae5989-1119-440c-bc0e-301d05401438', 'MALE');
INSERT INTO users (id, created_at, is_deleted, updated_at, active, email, first_name, last_name, password, role_id, gender) VALUES ('4cd7c604-5367-4844-9fae-fbc33f3ef908', '2022-05-12 15:57:20.000000', false, '2022-05-10 15:57:42.000000', true, 'd@miu.edu', 'd', 'kant', '$2a$10$l.Tam1Jg88XAyrN4WS5PeOTBEKSzWnYaj51AeNjUmXw8a9rr5tZUW', '0dae5989-1119-440c-bc0e-301d05401438', 'MALE');
INSERT INTO users (id, created_at, is_deleted, updated_at, active, email, first_name, last_name, password, role_id, gender) VALUES ('ef5a3979-4d84-48b0-99de-06a58ac438e5', '2022-05-13 15:57:20.000000', false, '2022-05-10 15:57:42.000000', true, 'e@miu.edu', 'e', 'kant', '$2a$10$l.Tam1Jg88XAyrN4WS5PeOTBEKSzWnYaj51AeNjUmXw8a9rr5tZUW', '0dae5989-1119-440c-bc0e-301d05401438', 'MALE');
INSERT INTO users (id, created_at, is_deleted, updated_at, active, email, first_name, last_name, password, role_id, gender) VALUES ('94ffc748-008e-4e9c-a109-084cbbe8b773', '2022-05-13 15:57:20.000000', false, '2022-05-10 15:57:42.000000', true, 'f@miu.edu', 'f', 'kant', '$2a$10$l.Tam1Jg88XAyrN4WS5PeOTBEKSzWnYaj51AeNjUmXw8a9rr5tZUW', '0dae5989-1119-440c-bc0e-301d05401438', 'MALE');
INSERT INTO users (id, created_at, is_deleted, updated_at, active, email, first_name, last_name, password, role_id, gender) VALUES ('a3b28ebc-fabe-49cf-a440-790ebb496106', '2022-05-14 15:57:20.000000', false, '2022-05-10 15:57:42.000000', true, 'g@miu.edu', 'g', 'kant', '$2a$10$l.Tam1Jg88XAyrN4WS5PeOTBEKSzWnYaj51AeNjUmXw8a9rr5tZUW', '0dae5989-1119-440c-bc0e-301d05401438', 'MALE');
INSERT INTO users (id, created_at, is_deleted, updated_at, active, email, first_name, last_name, password, role_id, gender) VALUES ('ce864a7f-c56a-4bb0-b51b-61f289873f73', '2022-05-07 15:57:20.000000', false, '2022-05-10 15:57:42.000000', true, 'h@miu.edu', 'h', 'kant', '$2a$10$l.Tam1Jg88XAyrN4WS5PeOTBEKSzWnYaj51AeNjUmXw8a9rr5tZUW', '0dae5989-1119-440c-bc0e-301d05401438', 'MALE');
INSERT INTO users (id, created_at, is_deleted, updated_at, active, email, first_name, last_name, password, role_id, gender) VALUES ('2154dc70-c63f-4715-ad8c-326149e0b895', '2022-05-08 15:57:20.000000', false, '2022-05-10 15:57:42.000000', true, 'i@miu.edu', 'i', 'kant', '$2a$10$l.Tam1Jg88XAyrN4WS5PeOTBEKSzWnYaj51AeNjUmXw8a9rr5tZUW', '0dae5989-1119-440c-bc0e-301d05401438', 'MALE');
INSERT INTO users (id, created_at, is_deleted, updated_at, active, email, first_name, last_name, password, role_id, gender) VALUES ('4443c16a-f61d-44cb-a065-4ca642ec5350', '2022-05-09 15:57:20.000000', false, '2022-05-10 15:57:42.000000', true, 'j@miu.edu', 'j', 'kant', '$2a$10$l.Tam1Jg88XAyrN4WS5PeOTBEKSzWnYaj51AeNjUmXw8a9rr5tZUW', '0dae5989-1119-440c-bc0e-301d05401438', 'MALE');




INSERT INTO public.properties (id, created_at, is_deleted, updated_at, active, city, description, is_occupied, no_of_bathroom, no_of_bedroom, property_name, property_type, rent_amount, security_deposit_amount, state, street_address, zip_code, last_rented_by_id, owned_by_id, property_rental_history_id, last_rented_date) VALUES ('e12d0507-007a-49f5-9422-828787852a60', '2022-05-16 17:45:46.620000', false, '2022-05-16 17:45:46.620591', true, 'Fairfield', 'Lorem ipsum dolor sit amet, consectetur adipiscing elit, sed do eiusmod tempor incididunt ut labore et dolore magna aliqua. Ut enim ad minim veniam, quis nostrud exercitation ullamco laboris nisi ut aliquip ex ea commodo consequat. Duis aute irure dolor in reprehenderit in voluptate velit esse cillum dolore eu fugiat nulla pariatur. Excepteur sint occaecat cupidatat non proident, sunt in culpa qui officia deserunt mollit anim id est laborum.', false, 1, 4, 'MudHolland', 'Apartment', 485, 93, 'Iowa', '1000 N 4 St', 52556, null, '655cb8f5-80c9-43af-830c-f8b309d9e508', null, '2022-05-10 22:58:39.000000');
INSERT INTO public.properties (id, created_at, is_deleted, updated_at, active, city, description, is_occupied, no_of_bathroom, no_of_bedroom, property_name, property_type, rent_amount, security_deposit_amount, state, street_address, zip_code, last_rented_by_id, owned_by_id, property_rental_history_id, last_rented_date) VALUES ('3b5aea4c-d53a-4def-a5ae-fed8165c368a', '2022-05-16 17:46:03.787000', false, '2022-05-16 17:46:03.787227', true, 'Fairfield', 'Lorem ipsum dolor sit amet, consectetur adipiscing elit, sed do eiusmod tempor incididunt ut labore et dolore magna aliqua. Ut enim ad minim veniam, quis nostrud exercitation ullamco laboris nisi ut aliquip ex ea commodo consequat. Duis aute irure dolor in reprehenderit in voluptate velit esse cillum dolore eu fugiat nulla pariatur. Excepteur sint occaecat cupidatat non proident, sunt in culpa qui officia deserunt mollit anim id est laborum.', false, 1, 1, 'Kai residency', 'Apartment', 619, 63, 'Iowa', '1000 N 4 St', 52556, null, '655cb8f5-80c9-43af-830c-f8b309d9e508', null, '2022-05-10 22:58:39.000000');
INSERT INTO public.properties (id, created_at, is_deleted, updated_at, active, city, description, is_occupied, no_of_bathroom, no_of_bedroom, property_name, property_type, rent_amount, security_deposit_amount, state, street_address, zip_code, last_rented_by_id, owned_by_id, property_rental_history_id, last_rented_date) VALUES ('41bba3e3-d401-462b-81ae-1de0f96e4315', '2022-05-16 17:46:22.636000', false, '2022-05-16 17:46:22.636038', true, 'Fairfield', 'Lorem ipsum dolor sit amet, consectetur adipiscing elit, sed do eiusmod tempor incididunt ut labore et dolore magna aliqua. Ut enim ad minim veniam, quis nostrud exercitation ullamco laboris nisi ut aliquip ex ea commodo consequat. Duis aute irure dolor in reprehenderit in voluptate velit esse cillum dolore eu fugiat nulla pariatur. Excepteur sint occaecat cupidatat non proident, sunt in culpa qui officia deserunt mollit anim id est laborum.', false, 1, 4, 'Manh Residency', 'House', 470, 89, 'Iowa', '1000 N 4 St', 52556, null, '655cb8f5-80c9-43af-830c-f8b309d9e508', null, '2022-05-10 22:58:39.000000');
INSERT INTO public.properties (id, created_at, is_deleted, updated_at, active, city, description, is_occupied, no_of_bathroom, no_of_bedroom, property_name, property_type, rent_amount, security_deposit_amount, state, street_address, zip_code, last_rented_by_id, owned_by_id, property_rental_history_id, last_rented_date) VALUES ('f2ef300e-8285-46bd-928c-395ef43561e0', '2022-05-16 17:46:36.017000', false, '2022-05-16 17:46:36.017453', true, 'Fairfield', 'Lorem ipsum dolor sit amet, consectetur adipiscing elit, sed do eiusmod tempor incididunt ut labore et dolore magna aliqua. Ut enim ad minim veniam, quis nostrud exercitation ullamco laboris nisi ut aliquip ex ea commodo consequat. Duis aute irure dolor in reprehenderit in voluptate velit esse cillum dolore eu fugiat nulla pariatur. Excepteur sint occaecat cupidatat non proident, sunt in culpa qui officia deserunt mollit anim id est laborum.', false, 2, 1, 'Prajapati Bunglow', 'Flat', 117, 46, 'Iowa', '1000 N 4 St', 52556, null, '655cb8f5-80c9-43af-830c-f8b309d9e508', null, '2022-05-10 22:58:39.000000');
INSERT INTO public.properties (id, created_at, is_deleted, updated_at, active, city, description, is_occupied, no_of_bathroom, no_of_bedroom, property_name, property_type, rent_amount, security_deposit_amount, state, street_address, zip_code, last_rented_by_id, owned_by_id, property_rental_history_id, last_rented_date) VALUES ('ee01b6c1-6c8f-4055-857a-16a2edc34579', '2022-05-16 17:46:52.022000', false, '2022-05-16 17:46:52.022698', true, 'Fairfield', 'Lorem ipsum dolor sit amet, consectetur adipiscing elit, sed do eiusmod tempor incididunt ut labore et dolore magna aliqua. Ut enim ad minim veniam, quis nostrud exercitation ullamco laboris nisi ut aliquip ex ea commodo consequat. Duis aute irure dolor in reprehenderit in voluptate velit esse cillum dolore eu fugiat nulla pariatur. Excepteur sint occaecat cupidatat non proident, sunt in culpa qui officia deserunt mollit anim id est laborum.', false, 2, 2, 'Puru Mansion', 'House', 824, 38, 'Iowa', '1000 N 4 St', 52556, null, '655cb8f5-80c9-43af-830c-f8b309d9e508', null, '2022-05-10 22:58:39.000000');
INSERT INTO public.properties (id, created_at, is_deleted, updated_at, active, city, description, is_occupied, no_of_bathroom, no_of_bedroom, property_name, property_type, rent_amount, security_deposit_amount, state, street_address, zip_code, last_rented_by_id, owned_by_id, property_rental_history_id, last_rented_date) VALUES ('44e00cf5-b918-49f7-b901-186126841cac', '2022-05-16 17:47:04.644000', false, '2022-05-16 17:47:04.644466', true, 'Fairfield', 'Lorem ipsum dolor sit amet, consectetur adipiscing elit, sed do eiusmod tempor incididunt ut labore et dolore magna aliqua. Ut enim ad minim veniam, quis nostrud exercitation ullamco laboris nisi ut aliquip ex ea commodo consequat. Duis aute irure dolor in reprehenderit in voluptate velit esse cillum dolore eu fugiat nulla pariatur. Excepteur sint occaecat cupidatat non proident, sunt in culpa qui officia deserunt mollit anim id est laborum.', false, 1, 4, 'Sai Hut', 'Flat', 774, 10, 'Iowa', '1000 N 4 St', 52556, null, '655cb8f5-80c9-43af-830c-f8b309d9e508', null, '2022-05-10 22:58:39.000000');
INSERT INTO public.properties (id, created_at, is_deleted, updated_at, active, city, description, is_occupied, no_of_bathroom, no_of_bedroom, property_name, property_type, rent_amount, security_deposit_amount, state, street_address, zip_code, last_rented_by_id, owned_by_id, property_rental_history_id, last_rented_date) VALUES ('f0ae6b15-2187-4528-8a82-e212056c41f3', '2022-05-16 17:47:17.285000', false, '2022-05-16 17:47:17.285598', true, 'Fairfield', 'Lorem ipsum dolor sit amet, consectetur adipiscing elit, sed do eiusmod tempor incididunt ut labore et dolore magna aliqua. Ut enim ad minim veniam, quis nostrud exercitation ullamco laboris nisi ut aliquip ex ea commodo consequat. Duis aute irure dolor in reprehenderit in voluptate velit esse cillum dolore eu fugiat nulla pariatur. Excepteur sint occaecat cupidatat non proident, sunt in culpa qui officia deserunt mollit anim id est laborum.', false, 2, 1, 'Kant Small room', 'House', 348, 39, 'Iowa', '1000 N 4 St', 52556, null, '655cb8f5-80c9-43af-830c-f8b309d9e508', null, '2022-05-10 22:58:39.000000');
INSERT INTO public.properties (id, created_at, is_deleted, updated_at, active, city, description, is_occupied, no_of_bathroom, no_of_bedroom, property_name, property_type, rent_amount, security_deposit_amount, state, street_address, zip_code, last_rented_by_id, owned_by_id, property_rental_history_id, last_rented_date) VALUES ('91edc87a-6228-4386-9ea1-ba69a8cbc529', '2022-05-16 17:47:29.893000', false, '2022-05-16 17:47:29.893931', true, 'Fairfield', 'Lorem ipsum dolor sit amet, consectetur adipiscing elit, sed do eiusmod tempor incididunt ut labore et dolore magna aliqua. Ut enim ad minim veniam, quis nostrud exercitation ullamco laboris nisi ut aliquip ex ea commodo consequat. Duis aute irure dolor in reprehenderit in voluptate velit esse cillum dolore eu fugiat nulla pariatur. Excepteur sint occaecat cupidatat non proident, sunt in culpa qui officia deserunt mollit anim id est laborum.', false, 2, 2, 'Kung Nung', 'Flat', 673, 62, 'Iowa', '1000 N 4 St', 52556, null, '655cb8f5-80c9-43af-830c-f8b309d9e508', null, '2022-05-10 22:58:39.000000');
INSERT INTO public.properties (id, created_at, is_deleted, updated_at, active, city, description, is_occupied, no_of_bathroom, no_of_bedroom, property_name, property_type, rent_amount, security_deposit_amount, state, street_address, zip_code, last_rented_by_id, owned_by_id, property_rental_history_id, last_rented_date) VALUES ('499d2311-8809-4ca1-8e6b-cd353f43445b', '2022-05-16 17:47:43.350000', false, '2022-05-16 17:47:43.350179', true, 'Fairfield', 'Lorem ipsum dolor sit amet, consectetur adipiscing elit, sed do eiusmod tempor incididunt ut labore et dolore magna aliqua. Ut enim ad minim veniam, quis nostrud exercitation ullamco laboris nisi ut aliquip ex ea commodo consequat. Duis aute irure dolor in reprehenderit in voluptate velit esse cillum dolore eu fugiat nulla pariatur. Excepteur sint occaecat cupidatat non proident, sunt in culpa qui officia deserunt mollit anim id est laborum.', false, 1, 4, 'Manh mansion', 'Apartment', 551, 39, 'Iowa', '1000 N 4 St', 52556, null, '655cb8f5-80c9-43af-830c-f8b309d9e508', null, '2022-05-10 22:58:39.000000');
INSERT INTO public.properties (id, created_at, is_deleted, updated_at, active, city, description, is_occupied, no_of_bathroom, no_of_bedroom, property_name, property_type, rent_amount, security_deposit_amount, state, street_address, zip_code, last_rented_by_id, owned_by_id, property_rental_history_id, last_rented_date) VALUES ('6b2822c3-7145-474e-84a5-52267ef63c4b', '2022-05-16 17:47:56.474000', false, '2022-05-16 17:47:56.474345', true, 'Fairfield', 'Lorem ipsum dolor sit amet, consectetur adipiscing elit, sed do eiusmod tempor incididunt ut labore et dolore magna aliqua. Ut enim ad minim veniam, quis nostrud exercitation ullamco laboris nisi ut aliquip ex ea commodo consequat. Duis aute irure dolor in reprehenderit in voluptate velit esse cillum dolore eu fugiat nulla pariatur. Excepteur sint occaecat cupidatat non proident, sunt in culpa qui officia deserunt mollit anim id est laborum.', false, 2, 3, 'Hue Noy Mansion', 'Flat', 279, 76, 'Iowa', '1000 N 4 St', 52556, null, '655cb8f5-80c9-43af-830c-f8b309d9e508', null, '2022-05-10 22:58:39.000000');
INSERT INTO public.properties (id, created_at, is_deleted, updated_at, active, city, description, is_occupied, no_of_bathroom, no_of_bedroom, property_name, property_type, rent_amount, security_deposit_amount, state, street_address, zip_code, last_rented_by_id, owned_by_id, property_rental_history_id, last_rented_date) VALUES ('64ebccda-7a83-4624-b71f-ce34bbc00d79', '2022-05-16 17:48:08.606000', false, '2022-05-16 17:48:08.606653', true, 'Fairfield', 'Lorem ipsum dolor sit amet, consectetur adipiscing elit, sed do eiusmod tempor incididunt ut labore et dolore magna aliqua. Ut enim ad minim veniam, quis nostrud exercitation ullamco laboris nisi ut aliquip ex ea commodo consequat. Duis aute irure dolor in reprehenderit in voluptate velit esse cillum dolore eu fugiat nulla pariatur. Excepteur sint occaecat cupidatat non proident, sunt in culpa qui officia deserunt mollit anim id est laborum.', false, 2, 4, 'Java Poor', 'Flat', 455, 64, 'Iowa', '1000 N 4 St', 52556, null, '655cb8f5-80c9-43af-830c-f8b309d9e508', null, '2022-05-10 22:58:39.000000');
INSERT INTO public.properties (id, created_at, is_deleted, updated_at, active, city, description, is_occupied, no_of_bathroom, no_of_bedroom, property_name, property_type, rent_amount, security_deposit_amount, state, street_address, zip_code, last_rented_by_id, owned_by_id, property_rental_history_id, last_rented_date) VALUES ('85aa0f0f-912b-42dc-9ca8-bc8ab32e6914', '2022-05-16 17:48:22.538000', false, '2022-05-16 17:48:22.538591', true, 'Fairfield', 'Lorem ipsum dolor sit amet, consectetur adipiscing elit, sed do eiusmod tempor incididunt ut labore et dolore magna aliqua. Ut enim ad minim veniam, quis nostrud exercitation ullamco laboris nisi ut aliquip ex ea commodo consequat. Duis aute irure dolor in reprehenderit in voluptate velit esse cillum dolore eu fugiat nulla pariatur. Excepteur sint occaecat cupidatat non proident, sunt in culpa qui officia deserunt mollit anim id est laborum.', false, 2, 1, 'Charming one story home', 'Flat', 471, 85, 'Iowa', '1000 N 4 St', 52556, null, '655cb8f5-80c9-43af-830c-f8b309d9e508', null, '2022-05-10 22:58:39.000000');
INSERT INTO public.properties (id, created_at, is_deleted, updated_at, active, city, description, is_occupied, no_of_bathroom, no_of_bedroom, property_name, property_type, rent_amount, security_deposit_amount, state, street_address, zip_code, last_rented_by_id, owned_by_id, property_rental_history_id, last_rented_date) VALUES ('39b9513c-7f7b-4fb1-b444-b64a1f983c00', '2022-05-16 17:56:18.639000', false, '2022-05-16 17:56:18.639862', true, 'Fairfield', 'Lorem ipsum dolor sit amet, consectetur adipiscing elit, sed do eiusmod tempor incididunt ut labore et dolore magna aliqua. Ut enim ad minim veniam, quis nostrud exercitation ullamco laboris nisi ut aliquip ex ea commodo consequat. Duis aute irure dolor in reprehenderit in voluptate velit esse cillum dolore eu fugiat nulla pariatur. Excepteur sint occaecat cupidatat non proident, sunt in culpa qui officia deserunt mollit anim id est laborum.', false, 2, 4, 'The Brennity at MIU Lake', 'Flat', 765, 48, 'Iowa', '1000 N 4 St', 52556, null, '655cb8f5-80c9-43af-830c-f8b309d9e508', null, '2022-05-10 22:58:39.000000');
INSERT INTO public.properties (id, created_at, is_deleted, updated_at, active, city, description, is_occupied, no_of_bathroom, no_of_bedroom, property_name, property_type, rent_amount, security_deposit_amount, state, street_address, zip_code, last_rented_by_id, owned_by_id, property_rental_history_id, last_rented_date) VALUES ('a02d6995-72ed-49a5-921d-8df948cea89d', '2022-05-16 18:00:37.282000', false, '2022-05-16 18:00:37.282513', true, 'Fairfield', 'Lorem ipsum dolor sit amet, consectetur adipiscing elit, sed do eiusmod tempor incididunt ut labore et dolore magna aliqua. Ut enim ad minim veniam, quis nostrud exercitation ullamco laboris nisi ut aliquip ex ea commodo consequat. Duis aute irure dolor in reprehenderit in voluptate velit esse cillum dolore eu fugiat nulla pariatur. Excepteur sint occaecat cupidatat non proident, sunt in culpa qui officia deserunt mollit anim id est laborum.', false, 2, 3, 'Darling Lakeside', 'Flat', 806, 64, 'Iowa', '1000 N 4 St', 52556, null, '655cb8f5-80c9-43af-830c-f8b309d9e508', null, '2022-05-10 22:58:39.000000');
INSERT INTO public.properties (id, created_at, is_deleted, updated_at, active, city, description, is_occupied, no_of_bathroom, no_of_bedroom, property_name, property_type, rent_amount, security_deposit_amount, state, street_address, zip_code, last_rented_by_id, owned_by_id, property_rental_history_id, last_rented_date) VALUES ('12b375af-92ef-4d9f-9dc7-419300580269', '2022-05-16 18:10:07.550000', false, '2022-05-16 18:10:07.550959', true, 'Fairfield', 'Lorem ipsum dolor sit amet, consectetur adipiscing elit, sed do eiusmod tempor incididunt ut labore et dolore magna aliqua. Ut enim ad minim veniam, quis nostrud exercitation ullamco laboris nisi ut aliquip ex ea commodo consequat. Duis aute irure dolor in reprehenderit in voluptate velit esse cillum dolore eu fugiat nulla pariatur. Excepteur sint occaecat cupidatat non proident, sunt in culpa qui officia deserunt mollit anim id est laborum.', false, 1, 3, 'Park Crest', 'House', 567, 87, 'Iowa', '1000 N 4 St', 52556, null, '655cb8f5-80c9-43af-830c-f8b309d9e508', null, '2022-05-10 22:58:39.000000');



INSERT INTO public.property_rental_history (id, created_at, is_deleted, updated_at, end_date, start_date, transaction_amount, property_id, rented_by, transaction_id) VALUES ('7e04c486-ee17-4fe5-ad2e-19f0b73d063e', '2022-05-15 01:40:40.000000', false, '2022-05-15 01:39:51.000000', '2022-05-20', '2022-05-18', 600, '64ebccda-7a83-4624-b71f-ce34bbc00d79', '3c8c17ff-ea23-45f2-8f66-e411c972ee4c', null);
INSERT INTO public.property_rental_history (id, created_at, is_deleted, updated_at, end_date, start_date, transaction_amount, property_id, rented_by, transaction_id) VALUES ('638666f1-3972-42a4-a44f-4fe09377220e', '2022-05-16 12:39:23.000000', false, '2022-05-16 12:39:27.000000', '2022-05-31', '2022-05-27', 230, '85aa0f0f-912b-42dc-9ca8-bc8ab32e6914', '3c8c17ff-ea23-45f2-8f66-e411c972ee4c', null);


INSERT INTO public.property_images (id, created_at, is_deleted, updated_at, image_url, property_id) VALUES ('06ead3a1-06da-484e-b0ce-7613972d18ab', '2022-05-16 17:45:46.540000', false, '2022-05-16 17:45:46.540211', 'http://localhost:8081/static/p1-1.webp', 'e12d0507-007a-49f5-9422-828787852a60');
INSERT INTO public.property_images (id, created_at, is_deleted, updated_at, image_url, property_id) VALUES ('419df189-3620-4aff-82e7-02484c6182dd', '2022-05-16 17:45:46.596000', false, '2022-05-16 17:45:46.596053', 'http://localhost:8081/static/p1-2.webp', 'e12d0507-007a-49f5-9422-828787852a60');
INSERT INTO public.property_images (id, created_at, is_deleted, updated_at, image_url, property_id) VALUES ('19029060-9539-49ad-a347-a97ce800b0e2', '2022-05-16 17:45:46.601000', false, '2022-05-16 17:45:46.601871', 'http://localhost:8081/static/p1-3.webp', 'e12d0507-007a-49f5-9422-828787852a60');
INSERT INTO public.property_images (id, created_at, is_deleted, updated_at, image_url, property_id) VALUES ('6996b857-2ada-42af-a28b-72918e92a0d9', '2022-05-16 17:45:46.609000', false, '2022-05-16 17:45:46.609385', 'http://localhost:8081/static/p1-4.webp', 'e12d0507-007a-49f5-9422-828787852a60');
INSERT INTO public.property_images (id, created_at, is_deleted, updated_at, image_url, property_id) VALUES ('7ec54071-86ab-486b-861b-7206437bd6e0', '2022-05-16 17:46:03.765000', false, '2022-05-16 17:46:03.765933', 'http://localhost:8081/static/p2-1.webp', '3b5aea4c-d53a-4def-a5ae-fed8165c368a');
INSERT INTO public.property_images (id, created_at, is_deleted, updated_at, image_url, property_id) VALUES ('183def22-a97c-4c2c-8901-ea63ab6a6bcc', '2022-05-16 17:46:03.774000', false, '2022-05-16 17:46:03.774361', 'http://localhost:8081/static/p2-2.webp', '3b5aea4c-d53a-4def-a5ae-fed8165c368a');
INSERT INTO public.property_images (id, created_at, is_deleted, updated_at, image_url, property_id) VALUES ('a032322a-66ac-45d3-a399-1bc625dced95', '2022-05-16 17:46:03.780000', false, '2022-05-16 17:46:03.780630', 'http://localhost:8081/static/p2-3.webp', '3b5aea4c-d53a-4def-a5ae-fed8165c368a');
INSERT INTO public.property_images (id, created_at, is_deleted, updated_at, image_url, property_id) VALUES ('780bbc63-3208-46eb-bda7-a722b40340b8', '2022-05-16 17:46:22.613000', false, '2022-05-16 17:46:22.613157', 'http://localhost:8081/static/p3-1.webp', '41bba3e3-d401-462b-81ae-1de0f96e4315');
INSERT INTO public.property_images (id, created_at, is_deleted, updated_at, image_url, property_id) VALUES ('0a1593b1-9b7f-4189-91f1-553816f881ca', '2022-05-16 17:46:22.621000', false, '2022-05-16 17:46:22.621024', 'http://localhost:8081/static/p3-2.webp', '41bba3e3-d401-462b-81ae-1de0f96e4315');
INSERT INTO public.property_images (id, created_at, is_deleted, updated_at, image_url, property_id) VALUES ('caaa7cc7-101f-4f74-bc66-867403aa9498', '2022-05-16 17:46:22.628000', false, '2022-05-16 17:46:22.628699', 'http://localhost:8081/static/p3-3.webp', '41bba3e3-d401-462b-81ae-1de0f96e4315');
INSERT INTO public.property_images (id, created_at, is_deleted, updated_at, image_url, property_id) VALUES ('7cdcaec6-5e4c-4b5c-b1c3-ec0a252ad046', '2022-05-16 17:46:35.988000', false, '2022-05-16 17:46:35.988626', 'http://localhost:8081/static/p4-1.webp', 'f2ef300e-8285-46bd-928c-395ef43561e0');
INSERT INTO public.property_images (id, created_at, is_deleted, updated_at, image_url, property_id) VALUES ('2fabf8b3-2e34-48d6-8187-0ef2cbc11a73', '2022-05-16 17:46:35.999000', false, '2022-05-16 17:46:35.999075', 'http://localhost:8081/static/p4-2.webp', 'f2ef300e-8285-46bd-928c-395ef43561e0');
INSERT INTO public.property_images (id, created_at, is_deleted, updated_at, image_url, property_id) VALUES ('6da224e5-70f6-46ca-aa0f-e0dda64dc148', '2022-05-16 17:46:36.007000', false, '2022-05-16 17:46:36.007694', 'http://localhost:8081/static/p4-3.webp', 'f2ef300e-8285-46bd-928c-395ef43561e0');
INSERT INTO public.property_images (id, created_at, is_deleted, updated_at, image_url, property_id) VALUES ('750ea9db-150a-42fc-b1a9-70226a0a4362', '2022-05-16 17:46:51.995000', false, '2022-05-16 17:46:51.995763', 'http://localhost:8081/static/p5-1.webp', 'ee01b6c1-6c8f-4055-857a-16a2edc34579');
INSERT INTO public.property_images (id, created_at, is_deleted, updated_at, image_url, property_id) VALUES ('d8783fcc-7398-47e5-b2eb-139817dcbe1a', '2022-05-16 17:46:52.002000', false, '2022-05-16 17:46:52.002835', 'http://localhost:8081/static/p5-2.webp', 'ee01b6c1-6c8f-4055-857a-16a2edc34579');
INSERT INTO public.property_images (id, created_at, is_deleted, updated_at, image_url, property_id) VALUES ('1c3e3de9-0f02-4307-ac72-5284e3746ad7', '2022-05-16 17:46:52.013000', false, '2022-05-16 17:46:52.013616', 'http://localhost:8081/static/p5-3.webp', 'ee01b6c1-6c8f-4055-857a-16a2edc34579');
INSERT INTO public.property_images (id, created_at, is_deleted, updated_at, image_url, property_id) VALUES ('9b6fe68b-0269-4717-82e7-3b7cce9bb923', '2022-05-16 17:47:04.603000', false, '2022-05-16 17:47:04.603251', 'http://localhost:8081/static/p6-1.webp', '44e00cf5-b918-49f7-b901-186126841cac');
INSERT INTO public.property_images (id, created_at, is_deleted, updated_at, image_url, property_id) VALUES ('7417c436-9ac6-4661-b240-5f8962376271', '2022-05-16 17:47:04.610000', false, '2022-05-16 17:47:04.610680', 'http://localhost:8081/static/p6-2.webp', '44e00cf5-b918-49f7-b901-186126841cac');
INSERT INTO public.property_images (id, created_at, is_deleted, updated_at, image_url, property_id) VALUES ('450f0b5b-d4e8-4f36-bcb4-35d8138b69d4', '2022-05-16 17:47:04.637000', false, '2022-05-16 17:47:04.637444', 'http://localhost:8081/static/p6-3.webp', '44e00cf5-b918-49f7-b901-186126841cac');
INSERT INTO public.property_images (id, created_at, is_deleted, updated_at, image_url, property_id) VALUES ('e448538a-48e0-4e9a-8024-d3d9cabea2a2', '2022-05-16 17:47:17.250000', false, '2022-05-16 17:47:17.250018', 'http://localhost:8081/static/p7-1.webp', 'f0ae6b15-2187-4528-8a82-e212056c41f3');
INSERT INTO public.property_images (id, created_at, is_deleted, updated_at, image_url, property_id) VALUES ('694121ae-6efe-420c-96b7-8de9ea3618a4', '2022-05-16 17:47:17.257000', false, '2022-05-16 17:47:17.257546', 'http://localhost:8081/static/p7-2.webp', 'f0ae6b15-2187-4528-8a82-e212056c41f3');
INSERT INTO public.property_images (id, created_at, is_deleted, updated_at, image_url, property_id) VALUES ('073e4866-fdc4-42b0-908a-c98f6c5d0434', '2022-05-16 17:47:17.264000', false, '2022-05-16 17:47:17.264154', 'http://localhost:8081/static/p7-3.webp', 'f0ae6b15-2187-4528-8a82-e212056c41f3');
INSERT INTO public.property_images (id, created_at, is_deleted, updated_at, image_url, property_id) VALUES ('b5cacbc4-0c3d-4765-9dca-81f869c5d939', '2022-05-16 17:47:17.272000', false, '2022-05-16 17:47:17.272697', 'http://localhost:8081/static/p7-4.webp', 'f0ae6b15-2187-4528-8a82-e212056c41f3');
INSERT INTO public.property_images (id, created_at, is_deleted, updated_at, image_url, property_id) VALUES ('2a0302e5-2a89-416a-bbf9-6d7bf02748f1', '2022-05-16 17:47:17.279000', false, '2022-05-16 17:47:17.279260', 'http://localhost:8081/static/p7-5.webp', 'f0ae6b15-2187-4528-8a82-e212056c41f3');
INSERT INTO public.property_images (id, created_at, is_deleted, updated_at, image_url, property_id) VALUES ('d5c59b90-4a27-4224-9ee5-718943f65d5c', '2022-05-16 17:47:29.861000', false, '2022-05-16 17:47:29.861375', 'http://localhost:8081/static/p8-1.webp', '91edc87a-6228-4386-9ea1-ba69a8cbc529');
INSERT INTO public.property_images (id, created_at, is_deleted, updated_at, image_url, property_id) VALUES ('18915d0f-eb18-4d02-a4b6-de9220645c3a', '2022-05-16 17:47:29.868000', false, '2022-05-16 17:47:29.868648', 'http://localhost:8081/static/p8-2.webp', '91edc87a-6228-4386-9ea1-ba69a8cbc529');
INSERT INTO public.property_images (id, created_at, is_deleted, updated_at, image_url, property_id) VALUES ('e9ba0c4d-7fd9-42be-961b-1a8c99eb1d74', '2022-05-16 17:47:29.879000', false, '2022-05-16 17:47:29.879119', 'http://localhost:8081/static/p8-3.webp', '91edc87a-6228-4386-9ea1-ba69a8cbc529');
INSERT INTO public.property_images (id, created_at, is_deleted, updated_at, image_url, property_id) VALUES ('b8033f4d-5bd6-4785-8a13-f5a8303c0741', '2022-05-16 17:47:29.885000', false, '2022-05-16 17:47:29.885751', 'http://localhost:8081/static/p8-4.webp', '91edc87a-6228-4386-9ea1-ba69a8cbc529');
INSERT INTO public.property_images (id, created_at, is_deleted, updated_at, image_url, property_id) VALUES ('09184d4a-1c4b-4b3e-8d57-fa79ed0a302e', '2022-05-16 17:47:43.310000', false, '2022-05-16 17:47:43.310234', 'http://localhost:8081/static/p9-1.webp', '499d2311-8809-4ca1-8e6b-cd353f43445b');
INSERT INTO public.property_images (id, created_at, is_deleted, updated_at, image_url, property_id) VALUES ('fb131e76-fc6b-48e3-86d3-199d6ce75afe', '2022-05-16 17:47:43.318000', false, '2022-05-16 17:47:43.318774', 'http://localhost:8081/static/p9-2.webp', '499d2311-8809-4ca1-8e6b-cd353f43445b');
INSERT INTO public.property_images (id, created_at, is_deleted, updated_at, image_url, property_id) VALUES ('e17e5f5e-2745-4bc1-8945-97879b5701c4', '2022-05-16 17:47:43.326000', false, '2022-05-16 17:47:43.326781', 'http://localhost:8081/static/p9-3.webp', '499d2311-8809-4ca1-8e6b-cd353f43445b');
INSERT INTO public.property_images (id, created_at, is_deleted, updated_at, image_url, property_id) VALUES ('dd24fedd-4f8c-4e6f-9ce5-5ef1a5e60e6e', '2022-05-16 17:47:43.336000', false, '2022-05-16 17:47:43.336970', 'http://localhost:8081/static/p9-4.webp', '499d2311-8809-4ca1-8e6b-cd353f43445b');
INSERT INTO public.property_images (id, created_at, is_deleted, updated_at, image_url, property_id) VALUES ('f52663eb-c5b1-4995-b9c0-0d24b9485ea9', '2022-05-16 17:47:43.343000', false, '2022-05-16 17:47:43.343948', 'http://localhost:8081/static/p9-5.webp', '499d2311-8809-4ca1-8e6b-cd353f43445b');
INSERT INTO public.property_images (id, created_at, is_deleted, updated_at, image_url, property_id) VALUES ('80d747a8-8b5a-4cce-ad92-c402ea0350eb', '2022-05-16 17:47:56.441000', false, '2022-05-16 17:47:56.441060', 'http://localhost:8081/static/p10-1.webp', '6b2822c3-7145-474e-84a5-52267ef63c4b');
INSERT INTO public.property_images (id, created_at, is_deleted, updated_at, image_url, property_id) VALUES ('c2579e6f-f501-45d7-9221-49f3907f1b16', '2022-05-16 17:47:56.448000', false, '2022-05-16 17:47:56.448747', 'http://localhost:8081/static/p10-2.webp', '6b2822c3-7145-474e-84a5-52267ef63c4b');
INSERT INTO public.property_images (id, created_at, is_deleted, updated_at, image_url, property_id) VALUES ('e9be20da-ae6d-427e-b05b-96b97c1ef3bb', '2022-05-16 17:47:56.455000', false, '2022-05-16 17:47:56.455883', 'http://localhost:8081/static/p10-3.webp', '6b2822c3-7145-474e-84a5-52267ef63c4b');
INSERT INTO public.property_images (id, created_at, is_deleted, updated_at, image_url, property_id) VALUES ('621edfcd-8c02-4d21-a4bc-80c8decf5de8', '2022-05-16 17:47:56.461000', false, '2022-05-16 17:47:56.461153', 'http://localhost:8081/static/p10-4.webp', '6b2822c3-7145-474e-84a5-52267ef63c4b');
INSERT INTO public.property_images (id, created_at, is_deleted, updated_at, image_url, property_id) VALUES ('7be6d447-b200-42be-905f-039724007fc5', '2022-05-16 17:47:56.466000', false, '2022-05-16 17:47:56.466830', 'http://localhost:8081/static/p10-5.webp', '6b2822c3-7145-474e-84a5-52267ef63c4b');
INSERT INTO public.property_images (id, created_at, is_deleted, updated_at, image_url, property_id) VALUES ('79731ee8-85aa-47f2-baa8-1582c18f5158', '2022-05-16 17:48:08.558000', false, '2022-05-16 17:48:08.558723', 'http://localhost:8081/static/p11-1.webp', '64ebccda-7a83-4624-b71f-ce34bbc00d79');
INSERT INTO public.property_images (id, created_at, is_deleted, updated_at, image_url, property_id) VALUES ('1797cd21-3fc2-4f86-94b8-fd5f7c6dde00', '2022-05-16 17:48:08.564000', false, '2022-05-16 17:48:08.564780', 'http://localhost:8081/static/p11-2.webp', '64ebccda-7a83-4624-b71f-ce34bbc00d79');
INSERT INTO public.property_images (id, created_at, is_deleted, updated_at, image_url, property_id) VALUES ('d50362df-ed61-4ca2-897e-76a548492e0b', '2022-05-16 17:48:08.571000', false, '2022-05-16 17:48:08.571943', 'http://localhost:8081/static/p11-3.webp', '64ebccda-7a83-4624-b71f-ce34bbc00d79');
INSERT INTO public.property_images (id, created_at, is_deleted, updated_at, image_url, property_id) VALUES ('1b11feca-f994-4b2c-82c9-460baf703bfe', '2022-05-16 17:48:08.580000', false, '2022-05-16 17:48:08.580697', 'http://localhost:8081/static/p11-4.webp', '64ebccda-7a83-4624-b71f-ce34bbc00d79');
INSERT INTO public.property_images (id, created_at, is_deleted, updated_at, image_url, property_id) VALUES ('f679939a-77b8-450e-b045-c153fc063c53', '2022-05-16 17:48:08.591000', false, '2022-05-16 17:48:08.591210', 'http://localhost:8081/static/p11-5.webp', '64ebccda-7a83-4624-b71f-ce34bbc00d79');
INSERT INTO public.property_images (id, created_at, is_deleted, updated_at, image_url, property_id) VALUES ('2d0c204d-fc50-4990-a3cb-29b98be92e38', '2022-05-16 17:48:08.599000', false, '2022-05-16 17:48:08.599205', 'http://localhost:8081/static/p11-6.webp', '64ebccda-7a83-4624-b71f-ce34bbc00d79');
INSERT INTO public.property_images (id, created_at, is_deleted, updated_at, image_url, property_id) VALUES ('b8040741-b10c-469d-b647-bcd187b79021', '2022-05-16 17:48:22.494000', false, '2022-05-16 17:48:22.494551', 'http://localhost:8081/static/p12-1.webp', '85aa0f0f-912b-42dc-9ca8-bc8ab32e6914');
INSERT INTO public.property_images (id, created_at, is_deleted, updated_at, image_url, property_id) VALUES ('94cbe423-710d-4a93-8091-1b98e4e37f13', '2022-05-16 17:48:22.502000', false, '2022-05-16 17:48:22.502821', 'http://localhost:8081/static/p12-2.webp', '85aa0f0f-912b-42dc-9ca8-bc8ab32e6914');
INSERT INTO public.property_images (id, created_at, is_deleted, updated_at, image_url, property_id) VALUES ('a76648b4-da95-427b-8df6-fbe7a15c71f3', '2022-05-16 17:48:22.508000', false, '2022-05-16 17:48:22.508654', 'http://localhost:8081/static/p12-3.webp', '85aa0f0f-912b-42dc-9ca8-bc8ab32e6914');
INSERT INTO public.property_images (id, created_at, is_deleted, updated_at, image_url, property_id) VALUES ('5aac9c68-25f8-419a-ad1b-430541651db8', '2022-05-16 17:48:22.514000', false, '2022-05-16 17:48:22.514371', 'http://localhost:8081/static/p12-4.webp', '85aa0f0f-912b-42dc-9ca8-bc8ab32e6914');
INSERT INTO public.property_images (id, created_at, is_deleted, updated_at, image_url, property_id) VALUES ('223c994f-8591-409b-805c-634a0bfa0258', '2022-05-16 17:48:22.522000', false, '2022-05-16 17:48:22.522958', 'http://localhost:8081/static/p12-5.webp', '85aa0f0f-912b-42dc-9ca8-bc8ab32e6914');
INSERT INTO public.property_images (id, created_at, is_deleted, updated_at, image_url, property_id) VALUES ('5b834c97-8cbe-421c-ad7b-81f6f4c32622', '2022-05-16 17:48:22.529000', false, '2022-05-16 17:48:22.529468', 'http://localhost:8081/static/p12-6.webp', '85aa0f0f-912b-42dc-9ca8-bc8ab32e6914');
INSERT INTO public.property_images (id, created_at, is_deleted, updated_at, image_url, property_id) VALUES ('72fcb03a-a5a3-4bd0-98f8-a8f001b5e776', '2022-05-16 17:56:18.539000', false, '2022-05-16 17:56:18.539047', 'http://localhost:8081/static/p13-1.webp', '39b9513c-7f7b-4fb1-b444-b64a1f983c00');
INSERT INTO public.property_images (id, created_at, is_deleted, updated_at, image_url, property_id) VALUES ('f44a700b-bb32-4c89-b312-5c0188298f38', '2022-05-16 17:56:18.580000', false, '2022-05-16 17:56:18.580538', 'http://localhost:8081/static/p13-2.webp', '39b9513c-7f7b-4fb1-b444-b64a1f983c00');
INSERT INTO public.property_images (id, created_at, is_deleted, updated_at, image_url, property_id) VALUES ('87b03bdf-909d-4746-9f8b-bd65d665a7b3', '2022-05-16 17:56:18.588000', false, '2022-05-16 17:56:18.588725', 'http://localhost:8081/static/p13-3.webp', '39b9513c-7f7b-4fb1-b444-b64a1f983c00');
INSERT INTO public.property_images (id, created_at, is_deleted, updated_at, image_url, property_id) VALUES ('2eba34e2-9659-4ccc-8d83-5b29f0fe7384', '2022-05-16 17:56:18.593000', false, '2022-05-16 17:56:18.593926', 'http://localhost:8081/static/p13-4.webp', '39b9513c-7f7b-4fb1-b444-b64a1f983c00');
INSERT INTO public.property_images (id, created_at, is_deleted, updated_at, image_url, property_id) VALUES ('f2b84b80-d005-45d0-bf77-78865068976e', '2022-05-16 17:56:18.599000', false, '2022-05-16 17:56:18.599998', 'http://localhost:8081/static/p13-5.webp', '39b9513c-7f7b-4fb1-b444-b64a1f983c00');
INSERT INTO public.property_images (id, created_at, is_deleted, updated_at, image_url, property_id) VALUES ('73bd68b2-5a9b-4b89-aa36-f30c972bda15', '2022-05-16 17:56:18.606000', false, '2022-05-16 17:56:18.606716', 'http://localhost:8081/static/p13-6.webp', '39b9513c-7f7b-4fb1-b444-b64a1f983c00');
INSERT INTO public.property_images (id, created_at, is_deleted, updated_at, image_url, property_id) VALUES ('f37715c5-dfec-466d-b6b2-52c26dc9fc07', '2022-05-16 17:56:18.612000', false, '2022-05-16 17:56:18.612498', 'http://localhost:8081/static/p13-7.webp', '39b9513c-7f7b-4fb1-b444-b64a1f983c00');
INSERT INTO public.property_images (id, created_at, is_deleted, updated_at, image_url, property_id) VALUES ('5960b91d-383c-4072-9875-1c5da1c92d86', '2022-05-16 17:56:18.619000', false, '2022-05-16 17:56:18.619311', 'http://localhost:8081/static/p13-8.webp', '39b9513c-7f7b-4fb1-b444-b64a1f983c00');
INSERT INTO public.property_images (id, created_at, is_deleted, updated_at, image_url, property_id) VALUES ('0bbc38a4-49d0-409e-889d-3727e57d7e11', '2022-05-16 17:56:18.626000', false, '2022-05-16 17:56:18.626551', 'http://localhost:8081/static/p13-9.webp', '39b9513c-7f7b-4fb1-b444-b64a1f983c00');
INSERT INTO public.property_images (id, created_at, is_deleted, updated_at, image_url, property_id) VALUES ('9681ee92-1d3e-40a1-ab2c-2d5345f55341', '2022-05-16 18:00:37.205000', false, '2022-05-16 18:00:37.205919', 'http://localhost:8081/static/p14-1.webp', 'a02d6995-72ed-49a5-921d-8df948cea89d');
INSERT INTO public.property_images (id, created_at, is_deleted, updated_at, image_url, property_id) VALUES ('e723634c-1978-461d-bace-7d70cdfc918d', '2022-05-16 18:00:37.214000', false, '2022-05-16 18:00:37.214703', 'http://localhost:8081/static/p14-2.webp', 'a02d6995-72ed-49a5-921d-8df948cea89d');
INSERT INTO public.property_images (id, created_at, is_deleted, updated_at, image_url, property_id) VALUES ('eee2bcf5-3ea0-47aa-af1e-19425fcc61ec', '2022-05-16 18:00:37.221000', false, '2022-05-16 18:00:37.221547', 'http://localhost:8081/static/p14-3.webp', 'a02d6995-72ed-49a5-921d-8df948cea89d');
INSERT INTO public.property_images (id, created_at, is_deleted, updated_at, image_url, property_id) VALUES ('03707874-a2c2-4de8-9dea-81ab46cef39a', '2022-05-16 18:00:37.227000', false, '2022-05-16 18:00:37.227790', 'http://localhost:8081/static/p14-4.webp', 'a02d6995-72ed-49a5-921d-8df948cea89d');
INSERT INTO public.property_images (id, created_at, is_deleted, updated_at, image_url, property_id) VALUES ('4770b8e1-978d-4577-b77c-70672f5dc6cf', '2022-05-16 18:00:37.235000', false, '2022-05-16 18:00:37.235742', 'http://localhost:8081/static/p14-5.webp', 'a02d6995-72ed-49a5-921d-8df948cea89d');
INSERT INTO public.property_images (id, created_at, is_deleted, updated_at, image_url, property_id) VALUES ('b5636f5e-c142-45b9-a183-c39c0ce63f8d', '2022-05-16 18:00:37.243000', false, '2022-05-16 18:00:37.243163', 'http://localhost:8081/static/p14-6.webp', 'a02d6995-72ed-49a5-921d-8df948cea89d');
INSERT INTO public.property_images (id, created_at, is_deleted, updated_at, image_url, property_id) VALUES ('832ac1cc-8aeb-420d-bdb0-42641c892811', '2022-05-16 18:00:37.250000', false, '2022-05-16 18:00:37.250012', 'http://localhost:8081/static/p14-7.webp', 'a02d6995-72ed-49a5-921d-8df948cea89d');
INSERT INTO public.property_images (id, created_at, is_deleted, updated_at, image_url, property_id) VALUES ('08be6f68-de49-4ef4-aff5-a76f9b9cded8', '2022-05-16 18:00:37.256000', false, '2022-05-16 18:00:37.256619', 'http://localhost:8081/static/p14-8.webp', 'a02d6995-72ed-49a5-921d-8df948cea89d');
INSERT INTO public.property_images (id, created_at, is_deleted, updated_at, image_url, property_id) VALUES ('5334b04a-70be-45c5-8747-a3eebd253063', '2022-05-16 18:00:37.263000', false, '2022-05-16 18:00:37.263267', 'http://localhost:8081/static/p14-9.webp', 'a02d6995-72ed-49a5-921d-8df948cea89d');
INSERT INTO public.property_images (id, created_at, is_deleted, updated_at, image_url, property_id) VALUES ('c58b336a-8789-4b83-8c49-52a8f875b2a5', '2022-05-16 18:00:37.269000', false, '2022-05-16 18:00:37.269438', 'http://localhost:8081/static/p14-10.webp', 'a02d6995-72ed-49a5-921d-8df948cea89d');
INSERT INTO public.property_images (id, created_at, is_deleted, updated_at, image_url, property_id) VALUES ('237bf3ed-873e-46e0-ac17-0ca759619711', '2022-05-16 18:00:37.276000', false, '2022-05-16 18:00:37.276665', 'http://localhost:8081/static/p14-11.webp', 'a02d6995-72ed-49a5-921d-8df948cea89d');
INSERT INTO public.property_images (id, created_at, is_deleted, updated_at, image_url, property_id) VALUES ('cfb1e758-036d-42df-a455-955c4c4d888b', '2022-05-16 18:10:07.482000', false, '2022-05-16 18:10:07.482512', 'http://localhost:8081/static/p15-1.webp', '12b375af-92ef-4d9f-9dc7-419300580269');
INSERT INTO public.property_images (id, created_at, is_deleted, updated_at, image_url, property_id) VALUES ('a3bcbde0-5f5c-446d-8314-13b59a4c07a9', '2022-05-16 18:10:07.498000', false, '2022-05-16 18:10:07.498642', 'http://localhost:8081/static/p15-2.webp', '12b375af-92ef-4d9f-9dc7-419300580269');
INSERT INTO public.property_images (id, created_at, is_deleted, updated_at, image_url, property_id) VALUES ('1265ce1f-9650-41b3-b76f-9b4de654fa29', '2022-05-16 18:10:07.504000', false, '2022-05-16 18:10:07.504813', 'http://localhost:8081/static/p15-3.webp', '12b375af-92ef-4d9f-9dc7-419300580269');
INSERT INTO public.property_images (id, created_at, is_deleted, updated_at, image_url, property_id) VALUES ('49e3bfb8-29f0-4e03-8b41-61e3bb8f9ef6', '2022-05-16 18:10:07.510000', false, '2022-05-16 18:10:07.510604', 'http://localhost:8081/static/p15-4.webp', '12b375af-92ef-4d9f-9dc7-419300580269');
INSERT INTO public.property_images (id, created_at, is_deleted, updated_at, image_url, property_id) VALUES ('1ec01710-81ef-4e1d-abfe-3f5c0df06f60', '2022-05-16 18:10:07.515000', false, '2022-05-16 18:10:07.515968', 'http://localhost:8081/static/p15-5.webp', '12b375af-92ef-4d9f-9dc7-419300580269');
INSERT INTO public.property_images (id, created_at, is_deleted, updated_at, image_url, property_id) VALUES ('62c08468-ac56-41d3-aeda-bc811c66b1ad', '2022-05-16 18:10:07.522000', false, '2022-05-16 18:10:07.522168', 'http://localhost:8081/static/p15-6.webp', '12b375af-92ef-4d9f-9dc7-419300580269');
INSERT INTO public.property_images (id, created_at, is_deleted, updated_at, image_url, property_id) VALUES ('bcc3abc2-963b-4bda-848f-b9696f208d94', '2022-05-16 18:10:07.527000', false, '2022-05-16 18:10:07.527503', 'http://localhost:8081/static/p15-7.webp', '12b375af-92ef-4d9f-9dc7-419300580269');
INSERT INTO public.property_images (id, created_at, is_deleted, updated_at, image_url, property_id) VALUES ('2dcff49d-a175-45a9-ae4b-3e8f8a59254a', '2022-05-16 18:10:07.532000', false, '2022-05-16 18:10:07.532198', 'http://localhost:8081/static/p15-8.webp', '12b375af-92ef-4d9f-9dc7-419300580269');
INSERT INTO public.property_images (id, created_at, is_deleted, updated_at, image_url, property_id) VALUES ('a68cb75f-1ded-4e71-9f6f-f48cf364c699', '2022-05-16 18:10:07.538000', false, '2022-05-16 18:10:07.538309', 'http://localhost:8081/static/p15-9.webp', '12b375af-92ef-4d9f-9dc7-419300580269');
INSERT INTO public.property_images (id, created_at, is_deleted, updated_at, image_url, property_id) VALUES ('cbcdf910-325f-4e77-83ec-df7107d213c3', '2022-05-16 18:10:07.544000', false, '2022-05-16 18:10:07.544444', 'http://localhost:8081/static/p15-10.webp', '12b375af-92ef-4d9f-9dc7-419300580269');



